date_id,full_date,year,month,day,weeknum,day_of_week,quarter
1,2011-01-01,2011,1,1,52,Saturday,1
2,2011-01-02,2011,1,2,52,Sunday,1
3,2011-01-03,2011,1,3,1,Monday,1
4,2011-01-04,2011,1,4,1,Tuesday,1
5,2011-01-05,2011,1,5,1,Wednesday,1
6,2011-01-06,2011,1,6,1,Thursday,1
7,2011-01-07,2011,1,7,1,Friday,1
8,2011-01-08,2011,1,8,1,Saturday,1
9,2011-01-09,2011,1,9,1,Sunday,1
10,2011-01-10,2011,1,10,2,Monday,1
11,2011-01-11,2011,1,11,2,Tuesday,1
12,2011-01-12,2011,1,12,2,Wednesday,1
13,2011-01-13,2011,1,13,2,Thursday,1
14,2011-01-14,2011,1,14,2,Friday,1
15,2011-01-15,2011,1,15,2,Saturday,1
16,2011-01-16,2011,1,16,2,Sunday,1
17,2011-01-17,2011,1,17,3,Monday,1
18,2011-01-18,2011,1,18,3,Tuesday,1
19,2011-01-19,2011,1,19,3,Wednesday,1
20,2011-01-20,2011,1,20,3,Thursday,1
21,2011-01-21,2011,1,21,3,Friday,1
22,2011-01-22,2011,1,22,3,Saturday,1
23,2011-01-23,2011,1,23,3,Sunday,1
24,2011-01-24,2011,1,24,4,Monday,1
25,2011-01-25,2011,1,25,4,Tuesday,1
26,2011-01-26,2011,1,26,4,Wednesday,1
27,2011-01-27,2011,1,27,4,Thursday,1
28,2011-01-28,2011,1,28,4,Friday,1
29,2011-01-29,2011,1,29,4,Saturday,1
30,2011-01-30,2011,1,30,4,Sunday,1
31,2011-01-31,2011,1,31,5,Monday,1
32,2011-02-01,2011,2,1,5,Tuesday,1
33,2011-02-02,2011,2,2,5,Wednesday,1
34,2011-02-03,2011,2,3,5,Thursday,1
35,2011-02-04,2011,2,4,5,Friday,1
36,2011-02-05,2011,2,5,5,Saturday,1
37,2011-02-06,2011,2,6,5,Sunday,1
38,2011-02-07,2011,2,7,6,Monday,1
39,2011-02-08,2011,2,8,6,Tuesday,1
40,2011-02-09,2011,2,9,6,Wednesday,1
41,2011-02-10,2011,2,10,6,Thursday,1
42,2011-02-11,2011,2,11,6,Friday,1
43,2011-02-12,2011,2,12,6,Saturday,1
44,2011-02-13,2011,2,13,6,Sunday,1
45,2011-02-14,2011,2,14,7,Monday,1
46,2011-02-15,2011,2,15,7,Tuesday,1
47,2011-02-16,2011,2,16,7,Wednesday,1
48,2011-02-17,2011,2,17,7,Thursday,1
49,2011-02-18,2011,2,18,7,Friday,1
50,2011-02-19,2011,2,19,7,Saturday,1
51,2011-02-20,2011,2,20,7,Sunday,1
52,2011-02-21,2011,2,21,8,Monday,1
53,2011-02-22,2011,2,22,8,Tuesday,1
54,2011-02-23,2011,2,23,8,Wednesday,1
55,2011-02-24,2011,2,24,8,Thursday,1
56,2011-02-25,2011,2,25,8,Friday,1
57,2011-02-26,2011,2,26,8,Saturday,1
58,2011-02-27,2011,2,27,8,Sunday,1
59,2011-02-28,2011,2,28,9,Monday,1
60,2011-03-01,2011,3,1,9,Tuesday,1
61,2011-03-02,2011,3,2,9,Wednesday,1
62,2011-03-03,2011,3,3,9,Thursday,1
63,2011-03-04,2011,3,4,9,Friday,1
64,2011-03-05,2011,3,5,9,Saturday,1
65,2011-03-06,2011,3,6,9,Sunday,1
66,2011-03-07,2011,3,7,10,Monday,1
67,2011-03-08,2011,3,8,10,Tuesday,1
68,2011-03-09,2011,3,9,10,Wednesday,1
69,2011-03-10,2011,3,10,10,Thursday,1
70,2011-03-11,2011,3,11,10,Friday,1
71,2011-03-12,2011,3,12,10,Saturday,1
72,2011-03-13,2011,3,13,10,Sunday,1
73,2011-03-14,2011,3,14,11,Monday,1
74,2011-03-15,2011,3,15,11,Tuesday,1
75,2011-03-16,2011,3,16,11,Wednesday,1
76,2011-03-17,2011,3,17,11,Thursday,1
77,2011-03-18,2011,3,18,11,Friday,1
78,2011-03-19,2011,3,19,11,Saturday,1
79,2011-03-20,2011,3,20,11,Sunday,1
80,2011-03-21,2011,3,21,12,Monday,1
81,2011-03-22,2011,3,22,12,Tuesday,1
82,2011-03-23,2011,3,23,12,Wednesday,1
83,2011-03-24,2011,3,24,12,Thursday,1
84,2011-03-25,2011,3,25,12,Friday,1
85,2011-03-26,2011,3,26,12,Saturday,1
86,2011-03-27,2011,3,27,12,Sunday,1
87,2011-03-28,2011,3,28,13,Monday,1
88,2011-03-29,2011,3,29,13,Tuesday,1
89,2011-03-30,2011,3,30,13,Wednesday,1
90,2011-03-31,2011,3,31,13,Thursday,1
91,2011-04-01,2011,4,1,13,Friday,2
92,2011-04-02,2011,4,2,13,Saturday,2
93,2011-04-03,2011,4,3,13,Sunday,2
94,2011-04-04,2011,4,4,14,Monday,2
95,2011-04-05,2011,4,5,14,Tuesday,2
96,2011-04-06,2011,4,6,14,Wednesday,2
97,2011-04-07,2011,4,7,14,Thursday,2
98,2011-04-08,2011,4,8,14,Friday,2
99,2011-04-09,2011,4,9,14,Saturday,2
100,2011-04-10,2011,4,10,14,Sunday,2
101,2011-04-11,2011,4,11,15,Monday,2
102,2011-04-12,2011,4,12,15,Tuesday,2
103,2011-04-13,2011,4,13,15,Wednesday,2
104,2011-04-14,2011,4,14,15,Thursday,2
105,2011-04-15,2011,4,15,15,Friday,2
106,2011-04-16,2011,4,16,15,Saturday,2
107,2011-04-17,2011,4,17,15,Sunday,2
108,2011-04-18,2011,4,18,16,Monday,2
109,2011-04-19,2011,4,19,16,Tuesday,2
110,2011-04-20,2011,4,20,16,Wednesday,2
111,2011-04-21,2011,4,21,16,Thursday,2
112,2011-04-22,2011,4,22,16,Friday,2
113,2011-04-23,2011,4,23,16,Saturday,2
114,2011-04-24,2011,4,24,16,Sunday,2
115,2011-04-25,2011,4,25,17,Monday,2
116,2011-04-26,2011,4,26,17,Tuesday,2
117,2011-04-27,2011,4,27,17,Wednesday,2
118,2011-04-28,2011,4,28,17,Thursday,2
119,2011-04-29,2011,4,29,17,Friday,2
120,2011-04-30,2011,4,30,17,Saturday,2
121,2011-05-01,2011,5,1,17,Sunday,2
122,2011-05-02,2011,5,2,18,Monday,2
123,2011-05-03,2011,5,3,18,Tuesday,2
124,2011-05-04,2011,5,4,18,Wednesday,2
125,2011-05-05,2011,5,5,18,Thursday,2
126,2011-05-06,2011,5,6,18,Friday,2
127,2011-05-07,2011,5,7,18,Saturday,2
128,2011-05-08,2011,5,8,18,Sunday,2
129,2011-05-09,2011,5,9,19,Monday,2
130,2011-05-10,2011,5,10,19,Tuesday,2
131,2011-05-11,2011,5,11,19,Wednesday,2
132,2011-05-12,2011,5,12,19,Thursday,2
133,2011-05-13,2011,5,13,19,Friday,2
134,2011-05-14,2011,5,14,19,Saturday,2
135,2011-05-15,2011,5,15,19,Sunday,2
136,2011-05-16,2011,5,16,20,Monday,2
137,2011-05-17,2011,5,17,20,Tuesday,2
138,2011-05-18,2011,5,18,20,Wednesday,2
139,2011-05-19,2011,5,19,20,Thursday,2
140,2011-05-20,2011,5,20,20,Friday,2
141,2011-05-21,2011,5,21,20,Saturday,2
142,2011-05-22,2011,5,22,20,Sunday,2
143,2011-05-23,2011,5,23,21,Monday,2
144,2011-05-24,2011,5,24,21,Tuesday,2
145,2011-05-25,2011,5,25,21,Wednesday,2
146,2011-05-26,2011,5,26,21,Thursday,2
147,2011-05-27,2011,5,27,21,Friday,2
148,2011-05-28,2011,5,28,21,Saturday,2
149,2011-05-29,2011,5,29,21,Sunday,2
150,2011-05-30,2011,5,30,22,Monday,2
151,2011-05-31,2011,5,31,22,Tuesday,2
152,2011-06-01,2011,6,1,22,Wednesday,2
153,2011-06-02,2011,6,2,22,Thursday,2
154,2011-06-03,2011,6,3,22,Friday,2
155,2011-06-04,2011,6,4,22,Saturday,2
156,2011-06-05,2011,6,5,22,Sunday,2
157,2011-06-06,2011,6,6,23,Monday,2
158,2011-06-07,2011,6,7,23,Tuesday,2
159,2011-06-08,2011,6,8,23,Wednesday,2
160,2011-06-09,2011,6,9,23,Thursday,2
161,2011-06-10,2011,6,10,23,Friday,2
162,2011-06-11,2011,6,11,23,Saturday,2
163,2011-06-12,2011,6,12,23,Sunday,2
164,2011-06-13,2011,6,13,24,Monday,2
165,2011-06-14,2011,6,14,24,Tuesday,2
166,2011-06-15,2011,6,15,24,Wednesday,2
167,2011-06-16,2011,6,16,24,Thursday,2
168,2011-06-17,2011,6,17,24,Friday,2
169,2011-06-18,2011,6,18,24,Saturday,2
170,2011-06-19,2011,6,19,24,Sunday,2
171,2011-06-20,2011,6,20,25,Monday,2
172,2011-06-21,2011,6,21,25,Tuesday,2
173,2011-06-22,2011,6,22,25,Wednesday,2
174,2011-06-23,2011,6,23,25,Thursday,2
175,2011-06-24,2011,6,24,25,Friday,2
176,2011-06-25,2011,6,25,25,Saturday,2
177,2011-06-26,2011,6,26,25,Sunday,2
178,2011-06-27,2011,6,27,26,Monday,2
179,2011-06-28,2011,6,28,26,Tuesday,2
180,2011-06-29,2011,6,29,26,Wednesday,2
181,2011-06-30,2011,6,30,26,Thursday,2
182,2011-07-01,2011,7,1,26,Friday,3
183,2011-07-02,2011,7,2,26,Saturday,3
184,2011-07-03,2011,7,3,26,Sunday,3
185,2011-07-04,2011,7,4,27,Monday,3
186,2011-07-05,2011,7,5,27,Tuesday,3
187,2011-07-06,2011,7,6,27,Wednesday,3
188,2011-07-07,2011,7,7,27,Thursday,3
189,2011-07-08,2011,7,8,27,Friday,3
190,2011-07-09,2011,7,9,27,Saturday,3
191,2011-07-10,2011,7,10,27,Sunday,3
192,2011-07-11,2011,7,11,28,Monday,3
193,2011-07-12,2011,7,12,28,Tuesday,3
194,2011-07-13,2011,7,13,28,Wednesday,3
195,2011-07-14,2011,7,14,28,Thursday,3
196,2011-07-15,2011,7,15,28,Friday,3
197,2011-07-16,2011,7,16,28,Saturday,3
198,2011-07-17,2011,7,17,28,Sunday,3
199,2011-07-18,2011,7,18,29,Monday,3
200,2011-07-19,2011,7,19,29,Tuesday,3
201,2011-07-20,2011,7,20,29,Wednesday,3
202,2011-07-21,2011,7,21,29,Thursday,3
203,2011-07-22,2011,7,22,29,Friday,3
204,2011-07-23,2011,7,23,29,Saturday,3
205,2011-07-24,2011,7,24,29,Sunday,3
206,2011-07-25,2011,7,25,30,Monday,3
207,2011-07-26,2011,7,26,30,Tuesday,3
208,2011-07-27,2011,7,27,30,Wednesday,3
209,2011-07-28,2011,7,28,30,Thursday,3
210,2011-07-29,2011,7,29,30,Friday,3
211,2011-07-30,2011,7,30,30,Saturday,3
212,2011-07-31,2011,7,31,30,Sunday,3
213,2011-08-01,2011,8,1,31,Monday,3
214,2011-08-02,2011,8,2,31,Tuesday,3
215,2011-08-03,2011,8,3,31,Wednesday,3
216,2011-08-04,2011,8,4,31,Thursday,3
217,2011-08-05,2011,8,5,31,Friday,3
218,2011-08-06,2011,8,6,31,Saturday,3
219,2011-08-07,2011,8,7,31,Sunday,3
220,2011-08-08,2011,8,8,32,Monday,3
221,2011-08-09,2011,8,9,32,Tuesday,3
222,2011-08-10,2011,8,10,32,Wednesday,3
223,2011-08-11,2011,8,11,32,Thursday,3
224,2011-08-12,2011,8,12,32,Friday,3
225,2011-08-13,2011,8,13,32,Saturday,3
226,2011-08-14,2011,8,14,32,Sunday,3
227,2011-08-15,2011,8,15,33,Monday,3
228,2011-08-16,2011,8,16,33,Tuesday,3
229,2011-08-17,2011,8,17,33,Wednesday,3
230,2011-08-18,2011,8,18,33,Thursday,3
231,2011-08-19,2011,8,19,33,Friday,3
232,2011-08-20,2011,8,20,33,Saturday,3
233,2011-08-21,2011,8,21,33,Sunday,3
234,2011-08-22,2011,8,22,34,Monday,3
235,2011-08-23,2011,8,23,34,Tuesday,3
236,2011-08-24,2011,8,24,34,Wednesday,3
237,2011-08-25,2011,8,25,34,Thursday,3
238,2011-08-26,2011,8,26,34,Friday,3
239,2011-08-27,2011,8,27,34,Saturday,3
240,2011-08-28,2011,8,28,34,Sunday,3
241,2011-08-29,2011,8,29,35,Monday,3
242,2011-08-30,2011,8,30,35,Tuesday,3
243,2011-08-31,2011,8,31,35,Wednesday,3
244,2011-09-01,2011,9,1,35,Thursday,3
245,2011-09-02,2011,9,2,35,Friday,3
246,2011-09-03,2011,9,3,35,Saturday,3
247,2011-09-04,2011,9,4,35,Sunday,3
248,2011-09-05,2011,9,5,36,Monday,3
249,2011-09-06,2011,9,6,36,Tuesday,3
250,2011-09-07,2011,9,7,36,Wednesday,3
251,2011-09-08,2011,9,8,36,Thursday,3
252,2011-09-09,2011,9,9,36,Friday,3
253,2011-09-10,2011,9,10,36,Saturday,3
254,2011-09-11,2011,9,11,36,Sunday,3
255,2011-09-12,2011,9,12,37,Monday,3
256,2011-09-13,2011,9,13,37,Tuesday,3
257,2011-09-14,2011,9,14,37,Wednesday,3
258,2011-09-15,2011,9,15,37,Thursday,3
259,2011-09-16,2011,9,16,37,Friday,3
260,2011-09-17,2011,9,17,37,Saturday,3
261,2011-09-18,2011,9,18,37,Sunday,3
262,2011-09-19,2011,9,19,38,Monday,3
263,2011-09-20,2011,9,20,38,Tuesday,3
264,2011-09-21,2011,9,21,38,Wednesday,3
265,2011-09-22,2011,9,22,38,Thursday,3
266,2011-09-23,2011,9,23,38,Friday,3
267,2011-09-24,2011,9,24,38,Saturday,3
268,2011-09-25,2011,9,25,38,Sunday,3
269,2011-09-26,2011,9,26,39,Monday,3
270,2011-09-27,2011,9,27,39,Tuesday,3
271,2011-09-28,2011,9,28,39,Wednesday,3
272,2011-09-29,2011,9,29,39,Thursday,3
273,2011-09-30,2011,9,30,39,Friday,3
274,2011-10-01,2011,10,1,39,Saturday,4
275,2011-10-02,2011,10,2,39,Sunday,4
276,2011-10-03,2011,10,3,40,Monday,4
277,2011-10-04,2011,10,4,40,Tuesday,4
278,2011-10-05,2011,10,5,40,Wednesday,4
279,2011-10-06,2011,10,6,40,Thursday,4
280,2011-10-07,2011,10,7,40,Friday,4
281,2011-10-08,2011,10,8,40,Saturday,4
282,2011-10-09,2011,10,9,40,Sunday,4
283,2011-10-10,2011,10,10,41,Monday,4
284,2011-10-11,2011,10,11,41,Tuesday,4
285,2011-10-12,2011,10,12,41,Wednesday,4
286,2011-10-13,2011,10,13,41,Thursday,4
287,2011-10-14,2011,10,14,41,Friday,4
288,2011-10-15,2011,10,15,41,Saturday,4
289,2011-10-16,2011,10,16,41,Sunday,4
290,2011-10-17,2011,10,17,42,Monday,4
291,2011-10-18,2011,10,18,42,Tuesday,4
292,2011-10-19,2011,10,19,42,Wednesday,4
293,2011-10-20,2011,10,20,42,Thursday,4
294,2011-10-21,2011,10,21,42,Friday,4
295,2011-10-22,2011,10,22,42,Saturday,4
296,2011-10-23,2011,10,23,42,Sunday,4
297,2011-10-24,2011,10,24,43,Monday,4
298,2011-10-25,2011,10,25,43,Tuesday,4
299,2011-10-26,2011,10,26,43,Wednesday,4
300,2011-10-27,2011,10,27,43,Thursday,4
301,2011-10-28,2011,10,28,43,Friday,4
302,2011-10-29,2011,10,29,43,Saturday,4
303,2011-10-30,2011,10,30,43,Sunday,4
304,2011-10-31,2011,10,31,44,Monday,4
305,2011-11-01,2011,11,1,44,Tuesday,4
306,2011-11-02,2011,11,2,44,Wednesday,4
307,2011-11-03,2011,11,3,44,Thursday,4
308,2011-11-04,2011,11,4,44,Friday,4
309,2011-11-05,2011,11,5,44,Saturday,4
310,2011-11-06,2011,11,6,44,Sunday,4
311,2011-11-07,2011,11,7,45,Monday,4
312,2011-11-08,2011,11,8,45,Tuesday,4
313,2011-11-09,2011,11,9,45,Wednesday,4
314,2011-11-10,2011,11,10,45,Thursday,4
315,2011-11-11,2011,11,11,45,Friday,4
316,2011-11-12,2011,11,12,45,Saturday,4
317,2011-11-13,2011,11,13,45,Sunday,4
318,2011-11-14,2011,11,14,46,Monday,4
319,2011-11-15,2011,11,15,46,Tuesday,4
320,2011-11-16,2011,11,16,46,Wednesday,4
321,2011-11-17,2011,11,17,46,Thursday,4
322,2011-11-18,2011,11,18,46,Friday,4
323,2011-11-19,2011,11,19,46,Saturday,4
324,2011-11-20,2011,11,20,46,Sunday,4
325,2011-11-21,2011,11,21,47,Monday,4
326,2011-11-22,2011,11,22,47,Tuesday,4
327,2011-11-23,2011,11,23,47,Wednesday,4
328,2011-11-24,2011,11,24,47,Thursday,4
329,2011-11-25,2011,11,25,47,Friday,4
330,2011-11-26,2011,11,26,47,Saturday,4
331,2011-11-27,2011,11,27,47,Sunday,4
332,2011-11-28,2011,11,28,48,Monday,4
333,2011-11-29,2011,11,29,48,Tuesday,4
334,2011-11-30,2011,11,30,48,Wednesday,4
335,2011-12-01,2011,12,1,48,Thursday,4
336,2011-12-02,2011,12,2,48,Friday,4
337,2011-12-03,2011,12,3,48,Saturday,4
338,2011-12-04,2011,12,4,48,Sunday,4
339,2011-12-05,2011,12,5,49,Monday,4
340,2011-12-06,2011,12,6,49,Tuesday,4
341,2011-12-07,2011,12,7,49,Wednesday,4
342,2011-12-08,2011,12,8,49,Thursday,4
343,2011-12-09,2011,12,9,49,Friday,4
344,2011-12-10,2011,12,10,49,Saturday,4
345,2011-12-11,2011,12,11,49,Sunday,4
346,2011-12-12,2011,12,12,50,Monday,4
347,2011-12-13,2011,12,13,50,Tuesday,4
348,2011-12-14,2011,12,14,50,Wednesday,4
349,2011-12-15,2011,12,15,50,Thursday,4
350,2011-12-16,2011,12,16,50,Friday,4
351,2011-12-17,2011,12,17,50,Saturday,4
352,2011-12-18,2011,12,18,50,Sunday,4
353,2011-12-19,2011,12,19,51,Monday,4
354,2011-12-20,2011,12,20,51,Tuesday,4
355,2011-12-21,2011,12,21,51,Wednesday,4
356,2011-12-22,2011,12,22,51,Thursday,4
357,2011-12-23,2011,12,23,51,Friday,4
358,2011-12-24,2011,12,24,51,Saturday,4
359,2011-12-25,2011,12,25,51,Sunday,4
360,2011-12-26,2011,12,26,52,Monday,4
361,2011-12-27,2011,12,27,52,Tuesday,4
362,2011-12-28,2011,12,28,52,Wednesday,4
363,2011-12-29,2011,12,29,52,Thursday,4
364,2011-12-30,2011,12,30,52,Friday,4
365,2011-12-31,2011,12,31,52,Saturday,4
366,2012-01-01,2012,1,1,52,Sunday,1
367,2012-01-02,2012,1,2,1,Monday,1
368,2012-01-03,2012,1,3,1,Tuesday,1
369,2012-01-04,2012,1,4,1,Wednesday,1
370,2012-01-05,2012,1,5,1,Thursday,1
371,2012-01-06,2012,1,6,1,Friday,1
372,2012-01-07,2012,1,7,1,Saturday,1
373,2012-01-08,2012,1,8,1,Sunday,1
374,2012-01-09,2012,1,9,2,Monday,1
375,2012-01-10,2012,1,10,2,Tuesday,1
376,2012-01-11,2012,1,11,2,Wednesday,1
377,2012-01-12,2012,1,12,2,Thursday,1
378,2012-01-13,2012,1,13,2,Friday,1
379,2012-01-14,2012,1,14,2,Saturday,1
380,2012-01-15,2012,1,15,2,Sunday,1
381,2012-01-16,2012,1,16,3,Monday,1
382,2012-01-17,2012,1,17,3,Tuesday,1
383,2012-01-18,2012,1,18,3,Wednesday,1
384,2012-01-19,2012,1,19,3,Thursday,1
385,2012-01-20,2012,1,20,3,Friday,1
386,2012-01-21,2012,1,21,3,Saturday,1
387,2012-01-22,2012,1,22,3,Sunday,1
388,2012-01-23,2012,1,23,4,Monday,1
389,2012-01-24,2012,1,24,4,Tuesday,1
390,2012-01-25,2012,1,25,4,Wednesday,1
391,2012-01-26,2012,1,26,4,Thursday,1
392,2012-01-27,2012,1,27,4,Friday,1
393,2012-01-28,2012,1,28,4,Saturday,1
394,2012-01-29,2012,1,29,4,Sunday,1
395,2012-01-30,2012,1,30,5,Monday,1
396,2012-01-31,2012,1,31,5,Tuesday,1
397,2012-02-01,2012,2,1,5,Wednesday,1
398,2012-02-02,2012,2,2,5,Thursday,1
399,2012-02-03,2012,2,3,5,Friday,1
400,2012-02-04,2012,2,4,5,Saturday,1
401,2012-02-05,2012,2,5,5,Sunday,1
402,2012-02-06,2012,2,6,6,Monday,1
403,2012-02-07,2012,2,7,6,Tuesday,1
404,2012-02-08,2012,2,8,6,Wednesday,1
405,2012-02-09,2012,2,9,6,Thursday,1
406,2012-02-10,2012,2,10,6,Friday,1
407,2012-02-11,2012,2,11,6,Saturday,1
408,2012-02-12,2012,2,12,6,Sunday,1
409,2012-02-13,2012,2,13,7,Monday,1
410,2012-02-14,2012,2,14,7,Tuesday,1
411,2012-02-15,2012,2,15,7,Wednesday,1
412,2012-02-16,2012,2,16,7,Thursday,1
413,2012-02-17,2012,2,17,7,Friday,1
414,2012-02-18,2012,2,18,7,Saturday,1
415,2012-02-19,2012,2,19,7,Sunday,1
416,2012-02-20,2012,2,20,8,Monday,1
417,2012-02-21,2012,2,21,8,Tuesday,1
418,2012-02-22,2012,2,22,8,Wednesday,1
419,2012-02-23,2012,2,23,8,Thursday,1
420,2012-02-24,2012,2,24,8,Friday,1
421,2012-02-25,2012,2,25,8,Saturday,1
422,2012-02-26,2012,2,26,8,Sunday,1
423,2012-02-27,2012,2,27,9,Monday,1
424,2012-02-28,2012,2,28,9,Tuesday,1
425,2012-02-29,2012,2,29,9,Wednesday,1
426,2012-03-01,2012,3,1,9,Thursday,1
427,2012-03-02,2012,3,2,9,Friday,1
428,2012-03-03,2012,3,3,9,Saturday,1
429,2012-03-04,2012,3,4,9,Sunday,1
430,2012-03-05,2012,3,5,10,Monday,1
431,2012-03-06,2012,3,6,10,Tuesday,1
432,2012-03-07,2012,3,7,10,Wednesday,1
433,2012-03-08,2012,3,8,10,Thursday,1
434,2012-03-09,2012,3,9,10,Friday,1
435,2012-03-10,2012,3,10,10,Saturday,1
436,2012-03-11,2012,3,11,10,Sunday,1
437,2012-03-12,2012,3,12,11,Monday,1
438,2012-03-13,2012,3,13,11,Tuesday,1
439,2012-03-14,2012,3,14,11,Wednesday,1
440,2012-03-15,2012,3,15,11,Thursday,1
441,2012-03-16,2012,3,16,11,Friday,1
442,2012-03-17,2012,3,17,11,Saturday,1
443,2012-03-18,2012,3,18,11,Sunday,1
444,2012-03-19,2012,3,19,12,Monday,1
445,2012-03-20,2012,3,20,12,Tuesday,1
446,2012-03-21,2012,3,21,12,Wednesday,1
447,2012-03-22,2012,3,22,12,Thursday,1
448,2012-03-23,2012,3,23,12,Friday,1
449,2012-03-24,2012,3,24,12,Saturday,1
450,2012-03-25,2012,3,25,12,Sunday,1
451,2012-03-26,2012,3,26,13,Monday,1
452,2012-03-27,2012,3,27,13,Tuesday,1
453,2012-03-28,2012,3,28,13,Wednesday,1
454,2012-03-29,2012,3,29,13,Thursday,1
455,2012-03-30,2012,3,30,13,Friday,1
456,2012-03-31,2012,3,31,13,Saturday,1
457,2012-04-01,2012,4,1,13,Sunday,2
458,2012-04-02,2012,4,2,14,Monday,2
459,2012-04-03,2012,4,3,14,Tuesday,2
460,2012-04-04,2012,4,4,14,Wednesday,2
461,2012-04-05,2012,4,5,14,Thursday,2
462,2012-04-06,2012,4,6,14,Friday,2
463,2012-04-07,2012,4,7,14,Saturday,2
464,2012-04-08,2012,4,8,14,Sunday,2
465,2012-04-09,2012,4,9,15,Monday,2
466,2012-04-10,2012,4,10,15,Tuesday,2
467,2012-04-11,2012,4,11,15,Wednesday,2
468,2012-04-12,2012,4,12,15,Thursday,2
469,2012-04-13,2012,4,13,15,Friday,2
470,2012-04-14,2012,4,14,15,Saturday,2
471,2012-04-15,2012,4,15,15,Sunday,2
472,2012-04-16,2012,4,16,16,Monday,2
473,2012-04-17,2012,4,17,16,Tuesday,2
474,2012-04-18,2012,4,18,16,Wednesday,2
475,2012-04-19,2012,4,19,16,Thursday,2
476,2012-04-20,2012,4,20,16,Friday,2
477,2012-04-21,2012,4,21,16,Saturday,2
478,2012-04-22,2012,4,22,16,Sunday,2
479,2012-04-23,2012,4,23,17,Monday,2
480,2012-04-24,2012,4,24,17,Tuesday,2
481,2012-04-25,2012,4,25,17,Wednesday,2
482,2012-04-26,2012,4,26,17,Thursday,2
483,2012-04-27,2012,4,27,17,Friday,2
484,2012-04-28,2012,4,28,17,Saturday,2
485,2012-04-29,2012,4,29,17,Sunday,2
486,2012-04-30,2012,4,30,18,Monday,2
487,2012-05-01,2012,5,1,18,Tuesday,2
488,2012-05-02,2012,5,2,18,Wednesday,2
489,2012-05-03,2012,5,3,18,Thursday,2
490,2012-05-04,2012,5,4,18,Friday,2
491,2012-05-05,2012,5,5,18,Saturday,2
492,2012-05-06,2012,5,6,18,Sunday,2
493,2012-05-07,2012,5,7,19,Monday,2
494,2012-05-08,2012,5,8,19,Tuesday,2
495,2012-05-09,2012,5,9,19,Wednesday,2
496,2012-05-10,2012,5,10,19,Thursday,2
497,2012-05-11,2012,5,11,19,Friday,2
498,2012-05-12,2012,5,12,19,Saturday,2
499,2012-05-13,2012,5,13,19,Sunday,2
500,2012-05-14,2012,5,14,20,Monday,2
501,2012-05-15,2012,5,15,20,Tuesday,2
502,2012-05-16,2012,5,16,20,Wednesday,2
503,2012-05-17,2012,5,17,20,Thursday,2
504,2012-05-18,2012,5,18,20,Friday,2
505,2012-05-19,2012,5,19,20,Saturday,2
506,2012-05-20,2012,5,20,20,Sunday,2
507,2012-05-21,2012,5,21,21,Monday,2
508,2012-05-22,2012,5,22,21,Tuesday,2
509,2012-05-23,2012,5,23,21,Wednesday,2
510,2012-05-24,2012,5,24,21,Thursday,2
511,2012-05-25,2012,5,25,21,Friday,2
512,2012-05-26,2012,5,26,21,Saturday,2
513,2012-05-27,2012,5,27,21,Sunday,2
514,2012-05-28,2012,5,28,22,Monday,2
515,2012-05-29,2012,5,29,22,Tuesday,2
516,2012-05-30,2012,5,30,22,Wednesday,2
517,2012-05-31,2012,5,31,22,Thursday,2
518,2012-06-01,2012,6,1,22,Friday,2
519,2012-06-02,2012,6,2,22,Saturday,2
520,2012-06-03,2012,6,3,22,Sunday,2
521,2012-06-04,2012,6,4,23,Monday,2
522,2012-06-05,2012,6,5,23,Tuesday,2
523,2012-06-06,2012,6,6,23,Wednesday,2
524,2012-06-07,2012,6,7,23,Thursday,2
525,2012-06-08,2012,6,8,23,Friday,2
526,2012-06-09,2012,6,9,23,Saturday,2
527,2012-06-10,2012,6,10,23,Sunday,2
528,2012-06-11,2012,6,11,24,Monday,2
529,2012-06-12,2012,6,12,24,Tuesday,2
530,2012-06-13,2012,6,13,24,Wednesday,2
531,2012-06-14,2012,6,14,24,Thursday,2
532,2012-06-15,2012,6,15,24,Friday,2
533,2012-06-16,2012,6,16,24,Saturday,2
534,2012-06-17,2012,6,17,24,Sunday,2
535,2012-06-18,2012,6,18,25,Monday,2
536,2012-06-19,2012,6,19,25,Tuesday,2
537,2012-06-20,2012,6,20,25,Wednesday,2
538,2012-06-21,2012,6,21,25,Thursday,2
539,2012-06-22,2012,6,22,25,Friday,2
540,2012-06-23,2012,6,23,25,Saturday,2
541,2012-06-24,2012,6,24,25,Sunday,2
542,2012-06-25,2012,6,25,26,Monday,2
543,2012-06-26,2012,6,26,26,Tuesday,2
544,2012-06-27,2012,6,27,26,Wednesday,2
545,2012-06-28,2012,6,28,26,Thursday,2
546,2012-06-29,2012,6,29,26,Friday,2
547,2012-06-30,2012,6,30,26,Saturday,2
548,2012-07-01,2012,7,1,26,Sunday,3
549,2012-07-02,2012,7,2,27,Monday,3
550,2012-07-03,2012,7,3,27,Tuesday,3
551,2012-07-04,2012,7,4,27,Wednesday,3
552,2012-07-05,2012,7,5,27,Thursday,3
553,2012-07-06,2012,7,6,27,Friday,3
554,2012-07-07,2012,7,7,27,Saturday,3
555,2012-07-08,2012,7,8,27,Sunday,3
556,2012-07-09,2012,7,9,28,Monday,3
557,2012-07-10,2012,7,10,28,Tuesday,3
558,2012-07-11,2012,7,11,28,Wednesday,3
559,2012-07-12,2012,7,12,28,Thursday,3
560,2012-07-13,2012,7,13,28,Friday,3
561,2012-07-14,2012,7,14,28,Saturday,3
562,2012-07-15,2012,7,15,28,Sunday,3
563,2012-07-16,2012,7,16,29,Monday,3
564,2012-07-17,2012,7,17,29,Tuesday,3
565,2012-07-18,2012,7,18,29,Wednesday,3
566,2012-07-19,2012,7,19,29,Thursday,3
567,2012-07-20,2012,7,20,29,Friday,3
568,2012-07-21,2012,7,21,29,Saturday,3
569,2012-07-22,2012,7,22,29,Sunday,3
570,2012-07-23,2012,7,23,30,Monday,3
571,2012-07-24,2012,7,24,30,Tuesday,3
572,2012-07-25,2012,7,25,30,Wednesday,3
573,2012-07-26,2012,7,26,30,Thursday,3
574,2012-07-27,2012,7,27,30,Friday,3
575,2012-07-28,2012,7,28,30,Saturday,3
576,2012-07-29,2012,7,29,30,Sunday,3
577,2012-07-30,2012,7,30,31,Monday,3
578,2012-07-31,2012,7,31,31,Tuesday,3
579,2012-08-01,2012,8,1,31,Wednesday,3
580,2012-08-02,2012,8,2,31,Thursday,3
581,2012-08-03,2012,8,3,31,Friday,3
582,2012-08-04,2012,8,4,31,Saturday,3
583,2012-08-05,2012,8,5,31,Sunday,3
584,2012-08-06,2012,8,6,32,Monday,3
585,2012-08-07,2012,8,7,32,Tuesday,3
586,2012-08-08,2012,8,8,32,Wednesday,3
587,2012-08-09,2012,8,9,32,Thursday,3
588,2012-08-10,2012,8,10,32,Friday,3
589,2012-08-11,2012,8,11,32,Saturday,3
590,2012-08-12,2012,8,12,32,Sunday,3
591,2012-08-13,2012,8,13,33,Monday,3
592,2012-08-14,2012,8,14,33,Tuesday,3
593,2012-08-15,2012,8,15,33,Wednesday,3
594,2012-08-16,2012,8,16,33,Thursday,3
595,2012-08-17,2012,8,17,33,Friday,3
596,2012-08-18,2012,8,18,33,Saturday,3
597,2012-08-19,2012,8,19,33,Sunday,3
598,2012-08-20,2012,8,20,34,Monday,3
599,2012-08-21,2012,8,21,34,Tuesday,3
600,2012-08-22,2012,8,22,34,Wednesday,3
601,2012-08-23,2012,8,23,34,Thursday,3
602,2012-08-24,2012,8,24,34,Friday,3
603,2012-08-25,2012,8,25,34,Saturday,3
604,2012-08-26,2012,8,26,34,Sunday,3
605,2012-08-27,2012,8,27,35,Monday,3
606,2012-08-28,2012,8,28,35,Tuesday,3
607,2012-08-29,2012,8,29,35,Wednesday,3
608,2012-08-30,2012,8,30,35,Thursday,3
609,2012-08-31,2012,8,31,35,Friday,3
610,2012-09-01,2012,9,1,35,Saturday,3
611,2012-09-02,2012,9,2,35,Sunday,3
612,2012-09-03,2012,9,3,36,Monday,3
613,2012-09-04,2012,9,4,36,Tuesday,3
614,2012-09-05,2012,9,5,36,Wednesday,3
615,2012-09-06,2012,9,6,36,Thursday,3
616,2012-09-07,2012,9,7,36,Friday,3
617,2012-09-08,2012,9,8,36,Saturday,3
618,2012-09-09,2012,9,9,36,Sunday,3
619,2012-09-10,2012,9,10,37,Monday,3
620,2012-09-11,2012,9,11,37,Tuesday,3
621,2012-09-12,2012,9,12,37,Wednesday,3
622,2012-09-13,2012,9,13,37,Thursday,3
623,2012-09-14,2012,9,14,37,Friday,3
624,2012-09-15,2012,9,15,37,Saturday,3
625,2012-09-16,2012,9,16,37,Sunday,3
626,2012-09-17,2012,9,17,38,Monday,3
627,2012-09-18,2012,9,18,38,Tuesday,3
628,2012-09-19,2012,9,19,38,Wednesday,3
629,2012-09-20,2012,9,20,38,Thursday,3
630,2012-09-21,2012,9,21,38,Friday,3
631,2012-09-22,2012,9,22,38,Saturday,3
632,2012-09-23,2012,9,23,38,Sunday,3
633,2012-09-24,2012,9,24,39,Monday,3
634,2012-09-25,2012,9,25,39,Tuesday,3
635,2012-09-26,2012,9,26,39,Wednesday,3
636,2012-09-27,2012,9,27,39,Thursday,3
637,2012-09-28,2012,9,28,39,Friday,3
638,2012-09-29,2012,9,29,39,Saturday,3
639,2012-09-30,2012,9,30,39,Sunday,3
640,2012-10-01,2012,10,1,40,Monday,4
641,2012-10-02,2012,10,2,40,Tuesday,4
642,2012-10-03,2012,10,3,40,Wednesday,4
643,2012-10-04,2012,10,4,40,Thursday,4
644,2012-10-05,2012,10,5,40,Friday,4
645,2012-10-06,2012,10,6,40,Saturday,4
646,2012-10-07,2012,10,7,40,Sunday,4
647,2012-10-08,2012,10,8,41,Monday,4
648,2012-10-09,2012,10,9,41,Tuesday,4
649,2012-10-10,2012,10,10,41,Wednesday,4
650,2012-10-11,2012,10,11,41,Thursday,4
651,2012-10-12,2012,10,12,41,Friday,4
652,2012-10-13,2012,10,13,41,Saturday,4
653,2012-10-14,2012,10,14,41,Sunday,4
654,2012-10-15,2012,10,15,42,Monday,4
655,2012-10-16,2012,10,16,42,Tuesday,4
656,2012-10-17,2012,10,17,42,Wednesday,4
657,2012-10-18,2012,10,18,42,Thursday,4
658,2012-10-19,2012,10,19,42,Friday,4
659,2012-10-20,2012,10,20,42,Saturday,4
660,2012-10-21,2012,10,21,42,Sunday,4
661,2012-10-22,2012,10,22,43,Monday,4
662,2012-10-23,2012,10,23,43,Tuesday,4
663,2012-10-24,2012,10,24,43,Wednesday,4
664,2012-10-25,2012,10,25,43,Thursday,4
665,2012-10-26,2012,10,26,43,Friday,4
666,2012-10-27,2012,10,27,43,Saturday,4
667,2012-10-28,2012,10,28,43,Sunday,4
668,2012-10-29,2012,10,29,44,Monday,4
669,2012-10-30,2012,10,30,44,Tuesday,4
670,2012-10-31,2012,10,31,44,Wednesday,4
671,2012-11-01,2012,11,1,44,Thursday,4
672,2012-11-02,2012,11,2,44,Friday,4
673,2012-11-03,2012,11,3,44,Saturday,4
674,2012-11-04,2012,11,4,44,Sunday,4
675,2012-11-05,2012,11,5,45,Monday,4
676,2012-11-06,2012,11,6,45,Tuesday,4
677,2012-11-07,2012,11,7,45,Wednesday,4
678,2012-11-08,2012,11,8,45,Thursday,4
679,2012-11-09,2012,11,9,45,Friday,4
680,2012-11-10,2012,11,10,45,Saturday,4
681,2012-11-11,2012,11,11,45,Sunday,4
682,2012-11-12,2012,11,12,46,Monday,4
683,2012-11-13,2012,11,13,46,Tuesday,4
684,2012-11-14,2012,11,14,46,Wednesday,4
685,2012-11-15,2012,11,15,46,Thursday,4
686,2012-11-16,2012,11,16,46,Friday,4
687,2012-11-17,2012,11,17,46,Saturday,4
688,2012-11-18,2012,11,18,46,Sunday,4
689,2012-11-19,2012,11,19,47,Monday,4
690,2012-11-20,2012,11,20,47,Tuesday,4
691,2012-11-21,2012,11,21,47,Wednesday,4
692,2012-11-22,2012,11,22,47,Thursday,4
693,2012-11-23,2012,11,23,47,Friday,4
694,2012-11-24,2012,11,24,47,Saturday,4
695,2012-11-25,2012,11,25,47,Sunday,4
696,2012-11-26,2012,11,26,48,Monday,4
697,2012-11-27,2012,11,27,48,Tuesday,4
698,2012-11-28,2012,11,28,48,Wednesday,4
699,2012-11-29,2012,11,29,48,Thursday,4
700,2012-11-30,2012,11,30,48,Friday,4
701,2012-12-01,2012,12,1,48,Saturday,4
702,2012-12-02,2012,12,2,48,Sunday,4
703,2012-12-03,2012,12,3,49,Monday,4
704,2012-12-04,2012,12,4,49,Tuesday,4
705,2012-12-05,2012,12,5,49,Wednesday,4
706,2012-12-06,2012,12,6,49,Thursday,4
707,2012-12-07,2012,12,7,49,Friday,4
708,2012-12-08,2012,12,8,49,Saturday,4
709,2012-12-09,2012,12,9,49,Sunday,4
710,2012-12-10,2012,12,10,50,Monday,4
711,2012-12-11,2012,12,11,50,Tuesday,4
712,2012-12-12,2012,12,12,50,Wednesday,4
713,2012-12-13,2012,12,13,50,Thursday,4
714,2012-12-14,2012,12,14,50,Friday,4
715,2012-12-15,2012,12,15,50,Saturday,4
716,2012-12-16,2012,12,16,50,Sunday,4
717,2012-12-17,2012,12,17,51,Monday,4
718,2012-12-18,2012,12,18,51,Tuesday,4
719,2012-12-19,2012,12,19,51,Wednesday,4
720,2012-12-20,2012,12,20,51,Thursday,4
721,2012-12-21,2012,12,21,51,Friday,4
722,2012-12-22,2012,12,22,51,Saturday,4
723,2012-12-23,2012,12,23,51,Sunday,4
724,2012-12-24,2012,12,24,52,Monday,4
725,2012-12-25,2012,12,25,52,Tuesday,4
726,2012-12-26,2012,12,26,52,Wednesday,4
727,2012-12-27,2012,12,27,52,Thursday,4
728,2012-12-28,2012,12,28,52,Friday,4
729,2012-12-29,2012,12,29,52,Saturday,4
730,2012-12-30,2012,12,30,52,Sunday,4
731,2012-12-31,2012,12,31,1,Monday,4
732,2013-01-01,2013,1,1,1,Tuesday,1
733,2013-01-02,2013,1,2,1,Wednesday,1
734,2013-01-03,2013,1,3,1,Thursday,1
735,2013-01-04,2013,1,4,1,Friday,1
736,2013-01-05,2013,1,5,1,Saturday,1
737,2013-01-06,2013,1,6,1,Sunday,1
738,2013-01-07,2013,1,7,2,Monday,1
739,2013-01-08,2013,1,8,2,Tuesday,1
740,2013-01-09,2013,1,9,2,Wednesday,1
741,2013-01-10,2013,1,10,2,Thursday,1
742,2013-01-11,2013,1,11,2,Friday,1
743,2013-01-12,2013,1,12,2,Saturday,1
744,2013-01-13,2013,1,13,2,Sunday,1
745,2013-01-14,2013,1,14,3,Monday,1
746,2013-01-15,2013,1,15,3,Tuesday,1
747,2013-01-16,2013,1,16,3,Wednesday,1
748,2013-01-17,2013,1,17,3,Thursday,1
749,2013-01-18,2013,1,18,3,Friday,1
750,2013-01-19,2013,1,19,3,Saturday,1
751,2013-01-20,2013,1,20,3,Sunday,1
752,2013-01-21,2013,1,21,4,Monday,1
753,2013-01-22,2013,1,22,4,Tuesday,1
754,2013-01-23,2013,1,23,4,Wednesday,1
755,2013-01-24,2013,1,24,4,Thursday,1
756,2013-01-25,2013,1,25,4,Friday,1
757,2013-01-26,2013,1,26,4,Saturday,1
758,2013-01-27,2013,1,27,4,Sunday,1
759,2013-01-28,2013,1,28,5,Monday,1
760,2013-01-29,2013,1,29,5,Tuesday,1
761,2013-01-30,2013,1,30,5,Wednesday,1
762,2013-01-31,2013,1,31,5,Thursday,1
763,2013-02-01,2013,2,1,5,Friday,1
764,2013-02-02,2013,2,2,5,Saturday,1
765,2013-02-03,2013,2,3,5,Sunday,1
766,2013-02-04,2013,2,4,6,Monday,1
767,2013-02-05,2013,2,5,6,Tuesday,1
768,2013-02-06,2013,2,6,6,Wednesday,1
769,2013-02-07,2013,2,7,6,Thursday,1
770,2013-02-08,2013,2,8,6,Friday,1
771,2013-02-09,2013,2,9,6,Saturday,1
772,2013-02-10,2013,2,10,6,Sunday,1
773,2013-02-11,2013,2,11,7,Monday,1
774,2013-02-12,2013,2,12,7,Tuesday,1
775,2013-02-13,2013,2,13,7,Wednesday,1
776,2013-02-14,2013,2,14,7,Thursday,1
777,2013-02-15,2013,2,15,7,Friday,1
778,2013-02-16,2013,2,16,7,Saturday,1
779,2013-02-17,2013,2,17,7,Sunday,1
780,2013-02-18,2013,2,18,8,Monday,1
781,2013-02-19,2013,2,19,8,Tuesday,1
782,2013-02-20,2013,2,20,8,Wednesday,1
783,2013-02-21,2013,2,21,8,Thursday,1
784,2013-02-22,2013,2,22,8,Friday,1
785,2013-02-23,2013,2,23,8,Saturday,1
786,2013-02-24,2013,2,24,8,Sunday,1
787,2013-02-25,2013,2,25,9,Monday,1
788,2013-02-26,2013,2,26,9,Tuesday,1
789,2013-02-27,2013,2,27,9,Wednesday,1
790,2013-02-28,2013,2,28,9,Thursday,1
791,2013-03-01,2013,3,1,9,Friday,1
792,2013-03-02,2013,3,2,9,Saturday,1
793,2013-03-03,2013,3,3,9,Sunday,1
794,2013-03-04,2013,3,4,10,Monday,1
795,2013-03-05,2013,3,5,10,Tuesday,1
796,2013-03-06,2013,3,6,10,Wednesday,1
797,2013-03-07,2013,3,7,10,Thursday,1
798,2013-03-08,2013,3,8,10,Friday,1
799,2013-03-09,2013,3,9,10,Saturday,1
800,2013-03-10,2013,3,10,10,Sunday,1
801,2013-03-11,2013,3,11,11,Monday,1
802,2013-03-12,2013,3,12,11,Tuesday,1
803,2013-03-13,2013,3,13,11,Wednesday,1
804,2013-03-14,2013,3,14,11,Thursday,1
805,2013-03-15,2013,3,15,11,Friday,1
806,2013-03-16,2013,3,16,11,Saturday,1
807,2013-03-17,2013,3,17,11,Sunday,1
808,2013-03-18,2013,3,18,12,Monday,1
809,2013-03-19,2013,3,19,12,Tuesday,1
810,2013-03-20,2013,3,20,12,Wednesday,1
811,2013-03-21,2013,3,21,12,Thursday,1
812,2013-03-22,2013,3,22,12,Friday,1
813,2013-03-23,2013,3,23,12,Saturday,1
814,2013-03-24,2013,3,24,12,Sunday,1
815,2013-03-25,2013,3,25,13,Monday,1
816,2013-03-26,2013,3,26,13,Tuesday,1
817,2013-03-27,2013,3,27,13,Wednesday,1
818,2013-03-28,2013,3,28,13,Thursday,1
819,2013-03-29,2013,3,29,13,Friday,1
820,2013-03-30,2013,3,30,13,Saturday,1
821,2013-03-31,2013,3,31,13,Sunday,1
822,2013-04-01,2013,4,1,14,Monday,2
823,2013-04-02,2013,4,2,14,Tuesday,2
824,2013-04-03,2013,4,3,14,Wednesday,2
825,2013-04-04,2013,4,4,14,Thursday,2
826,2013-04-05,2013,4,5,14,Friday,2
827,2013-04-06,2013,4,6,14,Saturday,2
828,2013-04-07,2013,4,7,14,Sunday,2
829,2013-04-08,2013,4,8,15,Monday,2
830,2013-04-09,2013,4,9,15,Tuesday,2
831,2013-04-10,2013,4,10,15,Wednesday,2
832,2013-04-11,2013,4,11,15,Thursday,2
833,2013-04-12,2013,4,12,15,Friday,2
834,2013-04-13,2013,4,13,15,Saturday,2
835,2013-04-14,2013,4,14,15,Sunday,2
836,2013-04-15,2013,4,15,16,Monday,2
837,2013-04-16,2013,4,16,16,Tuesday,2
838,2013-04-17,2013,4,17,16,Wednesday,2
839,2013-04-18,2013,4,18,16,Thursday,2
840,2013-04-19,2013,4,19,16,Friday,2
841,2013-04-20,2013,4,20,16,Saturday,2
842,2013-04-21,2013,4,21,16,Sunday,2
843,2013-04-22,2013,4,22,17,Monday,2
844,2013-04-23,2013,4,23,17,Tuesday,2
845,2013-04-24,2013,4,24,17,Wednesday,2
846,2013-04-25,2013,4,25,17,Thursday,2
847,2013-04-26,2013,4,26,17,Friday,2
848,2013-04-27,2013,4,27,17,Saturday,2
849,2013-04-28,2013,4,28,17,Sunday,2
850,2013-04-29,2013,4,29,18,Monday,2
851,2013-04-30,2013,4,30,18,Tuesday,2
852,2013-05-01,2013,5,1,18,Wednesday,2
853,2013-05-02,2013,5,2,18,Thursday,2
854,2013-05-03,2013,5,3,18,Friday,2
855,2013-05-04,2013,5,4,18,Saturday,2
856,2013-05-05,2013,5,5,18,Sunday,2
857,2013-05-06,2013,5,6,19,Monday,2
858,2013-05-07,2013,5,7,19,Tuesday,2
859,2013-05-08,2013,5,8,19,Wednesday,2
860,2013-05-09,2013,5,9,19,Thursday,2
861,2013-05-10,2013,5,10,19,Friday,2
862,2013-05-11,2013,5,11,19,Saturday,2
863,2013-05-12,2013,5,12,19,Sunday,2
864,2013-05-13,2013,5,13,20,Monday,2
865,2013-05-14,2013,5,14,20,Tuesday,2
866,2013-05-15,2013,5,15,20,Wednesday,2
867,2013-05-16,2013,5,16,20,Thursday,2
868,2013-05-17,2013,5,17,20,Friday,2
869,2013-05-18,2013,5,18,20,Saturday,2
870,2013-05-19,2013,5,19,20,Sunday,2
871,2013-05-20,2013,5,20,21,Monday,2
872,2013-05-21,2013,5,21,21,Tuesday,2
873,2013-05-22,2013,5,22,21,Wednesday,2
874,2013-05-23,2013,5,23,21,Thursday,2
875,2013-05-24,2013,5,24,21,Friday,2
876,2013-05-25,2013,5,25,21,Saturday,2
877,2013-05-26,2013,5,26,21,Sunday,2
878,2013-05-27,2013,5,27,22,Monday,2
879,2013-05-28,2013,5,28,22,Tuesday,2
880,2013-05-29,2013,5,29,22,Wednesday,2
881,2013-05-30,2013,5,30,22,Thursday,2
882,2013-05-31,2013,5,31,22,Friday,2
883,2013-06-01,2013,6,1,22,Saturday,2
884,2013-06-02,2013,6,2,22,Sunday,2
885,2013-06-03,2013,6,3,23,Monday,2
886,2013-06-04,2013,6,4,23,Tuesday,2
887,2013-06-05,2013,6,5,23,Wednesday,2
888,2013-06-06,2013,6,6,23,Thursday,2
889,2013-06-07,2013,6,7,23,Friday,2
890,2013-06-08,2013,6,8,23,Saturday,2
891,2013-06-09,2013,6,9,23,Sunday,2
892,2013-06-10,2013,6,10,24,Monday,2
893,2013-06-11,2013,6,11,24,Tuesday,2
894,2013-06-12,2013,6,12,24,Wednesday,2
895,2013-06-13,2013,6,13,24,Thursday,2
896,2013-06-14,2013,6,14,24,Friday,2
897,2013-06-15,2013,6,15,24,Saturday,2
898,2013-06-16,2013,6,16,24,Sunday,2
899,2013-06-17,2013,6,17,25,Monday,2
900,2013-06-18,2013,6,18,25,Tuesday,2
901,2013-06-19,2013,6,19,25,Wednesday,2
902,2013-06-20,2013,6,20,25,Thursday,2
903,2013-06-21,2013,6,21,25,Friday,2
904,2013-06-22,2013,6,22,25,Saturday,2
905,2013-06-23,2013,6,23,25,Sunday,2
906,2013-06-24,2013,6,24,26,Monday,2
907,2013-06-25,2013,6,25,26,Tuesday,2
908,2013-06-26,2013,6,26,26,Wednesday,2
909,2013-06-27,2013,6,27,26,Thursday,2
910,2013-06-28,2013,6,28,26,Friday,2
911,2013-06-29,2013,6,29,26,Saturday,2
912,2013-06-30,2013,6,30,26,Sunday,2
913,2013-07-01,2013,7,1,27,Monday,3
914,2013-07-02,2013,7,2,27,Tuesday,3
915,2013-07-03,2013,7,3,27,Wednesday,3
916,2013-07-04,2013,7,4,27,Thursday,3
917,2013-07-05,2013,7,5,27,Friday,3
918,2013-07-06,2013,7,6,27,Saturday,3
919,2013-07-07,2013,7,7,27,Sunday,3
920,2013-07-08,2013,7,8,28,Monday,3
921,2013-07-09,2013,7,9,28,Tuesday,3
922,2013-07-10,2013,7,10,28,Wednesday,3
923,2013-07-11,2013,7,11,28,Thursday,3
924,2013-07-12,2013,7,12,28,Friday,3
925,2013-07-13,2013,7,13,28,Saturday,3
926,2013-07-14,2013,7,14,28,Sunday,3
927,2013-07-15,2013,7,15,29,Monday,3
928,2013-07-16,2013,7,16,29,Tuesday,3
929,2013-07-17,2013,7,17,29,Wednesday,3
930,2013-07-18,2013,7,18,29,Thursday,3
931,2013-07-19,2013,7,19,29,Friday,3
932,2013-07-20,2013,7,20,29,Saturday,3
933,2013-07-21,2013,7,21,29,Sunday,3
934,2013-07-22,2013,7,22,30,Monday,3
935,2013-07-23,2013,7,23,30,Tuesday,3
936,2013-07-24,2013,7,24,30,Wednesday,3
937,2013-07-25,2013,7,25,30,Thursday,3
938,2013-07-26,2013,7,26,30,Friday,3
939,2013-07-27,2013,7,27,30,Saturday,3
940,2013-07-28,2013,7,28,30,Sunday,3
941,2013-07-29,2013,7,29,31,Monday,3
942,2013-07-30,2013,7,30,31,Tuesday,3
943,2013-07-31,2013,7,31,31,Wednesday,3
944,2013-08-01,2013,8,1,31,Thursday,3
945,2013-08-02,2013,8,2,31,Friday,3
946,2013-08-03,2013,8,3,31,Saturday,3
947,2013-08-04,2013,8,4,31,Sunday,3
948,2013-08-05,2013,8,5,32,Monday,3
949,2013-08-06,2013,8,6,32,Tuesday,3
950,2013-08-07,2013,8,7,32,Wednesday,3
951,2013-08-08,2013,8,8,32,Thursday,3
952,2013-08-09,2013,8,9,32,Friday,3
953,2013-08-10,2013,8,10,32,Saturday,3
954,2013-08-11,2013,8,11,32,Sunday,3
955,2013-08-12,2013,8,12,33,Monday,3
956,2013-08-13,2013,8,13,33,Tuesday,3
957,2013-08-14,2013,8,14,33,Wednesday,3
958,2013-08-15,2013,8,15,33,Thursday,3
959,2013-08-16,2013,8,16,33,Friday,3
960,2013-08-17,2013,8,17,33,Saturday,3
961,2013-08-18,2013,8,18,33,Sunday,3
962,2013-08-19,2013,8,19,34,Monday,3
963,2013-08-20,2013,8,20,34,Tuesday,3
964,2013-08-21,2013,8,21,34,Wednesday,3
965,2013-08-22,2013,8,22,34,Thursday,3
966,2013-08-23,2013,8,23,34,Friday,3
967,2013-08-24,2013,8,24,34,Saturday,3
968,2013-08-25,2013,8,25,34,Sunday,3
969,2013-08-26,2013,8,26,35,Monday,3
970,2013-08-27,2013,8,27,35,Tuesday,3
971,2013-08-28,2013,8,28,35,Wednesday,3
972,2013-08-29,2013,8,29,35,Thursday,3
973,2013-08-30,2013,8,30,35,Friday,3
974,2013-08-31,2013,8,31,35,Saturday,3
975,2013-09-01,2013,9,1,35,Sunday,3
976,2013-09-02,2013,9,2,36,Monday,3
977,2013-09-03,2013,9,3,36,Tuesday,3
978,2013-09-04,2013,9,4,36,Wednesday,3
979,2013-09-05,2013,9,5,36,Thursday,3
980,2013-09-06,2013,9,6,36,Friday,3
981,2013-09-07,2013,9,7,36,Saturday,3
982,2013-09-08,2013,9,8,36,Sunday,3
983,2013-09-09,2013,9,9,37,Monday,3
984,2013-09-10,2013,9,10,37,Tuesday,3
985,2013-09-11,2013,9,11,37,Wednesday,3
986,2013-09-12,2013,9,12,37,Thursday,3
987,2013-09-13,2013,9,13,37,Friday,3
988,2013-09-14,2013,9,14,37,Saturday,3
989,2013-09-15,2013,9,15,37,Sunday,3
990,2013-09-16,2013,9,16,38,Monday,3
991,2013-09-17,2013,9,17,38,Tuesday,3
992,2013-09-18,2013,9,18,38,Wednesday,3
993,2013-09-19,2013,9,19,38,Thursday,3
994,2013-09-20,2013,9,20,38,Friday,3
995,2013-09-21,2013,9,21,38,Saturday,3
996,2013-09-22,2013,9,22,38,Sunday,3
997,2013-09-23,2013,9,23,39,Monday,3
998,2013-09-24,2013,9,24,39,Tuesday,3
999,2013-09-25,2013,9,25,39,Wednesday,3
1000,2013-09-26,2013,9,26,39,Thursday,3
1001,2013-09-27,2013,9,27,39,Friday,3
1002,2013-09-28,2013,9,28,39,Saturday,3
1003,2013-09-29,2013,9,29,39,Sunday,3
1004,2013-09-30,2013,9,30,40,Monday,3
1005,2013-10-01,2013,10,1,40,Tuesday,4
1006,2013-10-02,2013,10,2,40,Wednesday,4
1007,2013-10-03,2013,10,3,40,Thursday,4
1008,2013-10-04,2013,10,4,40,Friday,4
1009,2013-10-05,2013,10,5,40,Saturday,4
1010,2013-10-06,2013,10,6,40,Sunday,4
1011,2013-10-07,2013,10,7,41,Monday,4
1012,2013-10-08,2013,10,8,41,Tuesday,4
1013,2013-10-09,2013,10,9,41,Wednesday,4
1014,2013-10-10,2013,10,10,41,Thursday,4
1015,2013-10-11,2013,10,11,41,Friday,4
1016,2013-10-12,2013,10,12,41,Saturday,4
1017,2013-10-13,2013,10,13,41,Sunday,4
1018,2013-10-14,2013,10,14,42,Monday,4
1019,2013-10-15,2013,10,15,42,Tuesday,4
1020,2013-10-16,2013,10,16,42,Wednesday,4
1021,2013-10-17,2013,10,17,42,Thursday,4
1022,2013-10-18,2013,10,18,42,Friday,4
1023,2013-10-19,2013,10,19,42,Saturday,4
1024,2013-10-20,2013,10,20,42,Sunday,4
1025,2013-10-21,2013,10,21,43,Monday,4
1026,2013-10-22,2013,10,22,43,Tuesday,4
1027,2013-10-23,2013,10,23,43,Wednesday,4
1028,2013-10-24,2013,10,24,43,Thursday,4
1029,2013-10-25,2013,10,25,43,Friday,4
1030,2013-10-26,2013,10,26,43,Saturday,4
1031,2013-10-27,2013,10,27,43,Sunday,4
1032,2013-10-28,2013,10,28,44,Monday,4
1033,2013-10-29,2013,10,29,44,Tuesday,4
1034,2013-10-30,2013,10,30,44,Wednesday,4
1035,2013-10-31,2013,10,31,44,Thursday,4
1036,2013-11-01,2013,11,1,44,Friday,4
1037,2013-11-02,2013,11,2,44,Saturday,4
1038,2013-11-03,2013,11,3,44,Sunday,4
1039,2013-11-04,2013,11,4,45,Monday,4
1040,2013-11-05,2013,11,5,45,Tuesday,4
1041,2013-11-06,2013,11,6,45,Wednesday,4
1042,2013-11-07,2013,11,7,45,Thursday,4
1043,2013-11-08,2013,11,8,45,Friday,4
1044,2013-11-09,2013,11,9,45,Saturday,4
1045,2013-11-10,2013,11,10,45,Sunday,4
1046,2013-11-11,2013,11,11,46,Monday,4
1047,2013-11-12,2013,11,12,46,Tuesday,4
1048,2013-11-13,2013,11,13,46,Wednesday,4
1049,2013-11-14,2013,11,14,46,Thursday,4
1050,2013-11-15,2013,11,15,46,Friday,4
1051,2013-11-16,2013,11,16,46,Saturday,4
1052,2013-11-17,2013,11,17,46,Sunday,4
1053,2013-11-18,2013,11,18,47,Monday,4
1054,2013-11-19,2013,11,19,47,Tuesday,4
1055,2013-11-20,2013,11,20,47,Wednesday,4
1056,2013-11-21,2013,11,21,47,Thursday,4
1057,2013-11-22,2013,11,22,47,Friday,4
1058,2013-11-23,2013,11,23,47,Saturday,4
1059,2013-11-24,2013,11,24,47,Sunday,4
1060,2013-11-25,2013,11,25,48,Monday,4
1061,2013-11-26,2013,11,26,48,Tuesday,4
1062,2013-11-27,2013,11,27,48,Wednesday,4
1063,2013-11-28,2013,11,28,48,Thursday,4
1064,2013-11-29,2013,11,29,48,Friday,4
1065,2013-11-30,2013,11,30,48,Saturday,4
1066,2013-12-01,2013,12,1,48,Sunday,4
1067,2013-12-02,2013,12,2,49,Monday,4
1068,2013-12-03,2013,12,3,49,Tuesday,4
1069,2013-12-04,2013,12,4,49,Wednesday,4
1070,2013-12-05,2013,12,5,49,Thursday,4
1071,2013-12-06,2013,12,6,49,Friday,4
1072,2013-12-07,2013,12,7,49,Saturday,4
1073,2013-12-08,2013,12,8,49,Sunday,4
1074,2013-12-09,2013,12,9,50,Monday,4
1075,2013-12-10,2013,12,10,50,Tuesday,4
1076,2013-12-11,2013,12,11,50,Wednesday,4
1077,2013-12-12,2013,12,12,50,Thursday,4
1078,2013-12-13,2013,12,13,50,Friday,4
1079,2013-12-14,2013,12,14,50,Saturday,4
1080,2013-12-15,2013,12,15,50,Sunday,4
1081,2013-12-16,2013,12,16,51,Monday,4
1082,2013-12-17,2013,12,17,51,Tuesday,4
1083,2013-12-18,2013,12,18,51,Wednesday,4
1084,2013-12-19,2013,12,19,51,Thursday,4
1085,2013-12-20,2013,12,20,51,Friday,4
1086,2013-12-21,2013,12,21,51,Saturday,4
1087,2013-12-22,2013,12,22,51,Sunday,4
1088,2013-12-23,2013,12,23,52,Monday,4
1089,2013-12-24,2013,12,24,52,Tuesday,4
1090,2013-12-25,2013,12,25,52,Wednesday,4
1091,2013-12-26,2013,12,26,52,Thursday,4
1092,2013-12-27,2013,12,27,52,Friday,4
1093,2013-12-28,2013,12,28,52,Saturday,4
1094,2013-12-29,2013,12,29,52,Sunday,4
1095,2013-12-30,2013,12,30,1,Monday,4
1096,2013-12-31,2013,12,31,1,Tuesday,4
1097,2014-01-01,2014,1,1,1,Wednesday,1
1098,2014-01-02,2014,1,2,1,Thursday,1
1099,2014-01-03,2014,1,3,1,Friday,1
1100,2014-01-04,2014,1,4,1,Saturday,1
1101,2014-01-05,2014,1,5,1,Sunday,1
1102,2014-01-06,2014,1,6,2,Monday,1
1103,2014-01-07,2014,1,7,2,Tuesday,1
1104,2014-01-08,2014,1,8,2,Wednesday,1
1105,2014-01-09,2014,1,9,2,Thursday,1
1106,2014-01-10,2014,1,10,2,Friday,1
1107,2014-01-11,2014,1,11,2,Saturday,1
1108,2014-01-12,2014,1,12,2,Sunday,1
1109,2014-01-13,2014,1,13,3,Monday,1
1110,2014-01-14,2014,1,14,3,Tuesday,1
1111,2014-01-15,2014,1,15,3,Wednesday,1
1112,2014-01-16,2014,1,16,3,Thursday,1
1113,2014-01-17,2014,1,17,3,Friday,1
1114,2014-01-18,2014,1,18,3,Saturday,1
1115,2014-01-19,2014,1,19,3,Sunday,1
1116,2014-01-20,2014,1,20,4,Monday,1
1117,2014-01-21,2014,1,21,4,Tuesday,1
1118,2014-01-22,2014,1,22,4,Wednesday,1
1119,2014-01-23,2014,1,23,4,Thursday,1
1120,2014-01-24,2014,1,24,4,Friday,1
1121,2014-01-25,2014,1,25,4,Saturday,1
1122,2014-01-26,2014,1,26,4,Sunday,1
1123,2014-01-27,2014,1,27,5,Monday,1
1124,2014-01-28,2014,1,28,5,Tuesday,1
1125,2014-01-29,2014,1,29,5,Wednesday,1
1126,2014-01-30,2014,1,30,5,Thursday,1
1127,2014-01-31,2014,1,31,5,Friday,1
1128,2014-02-01,2014,2,1,5,Saturday,1
1129,2014-02-02,2014,2,2,5,Sunday,1
1130,2014-02-03,2014,2,3,6,Monday,1
1131,2014-02-04,2014,2,4,6,Tuesday,1
1132,2014-02-05,2014,2,5,6,Wednesday,1
1133,2014-02-06,2014,2,6,6,Thursday,1
1134,2014-02-07,2014,2,7,6,Friday,1
1135,2014-02-08,2014,2,8,6,Saturday,1
1136,2014-02-09,2014,2,9,6,Sunday,1
1137,2014-02-10,2014,2,10,7,Monday,1
1138,2014-02-11,2014,2,11,7,Tuesday,1
1139,2014-02-12,2014,2,12,7,Wednesday,1
1140,2014-02-13,2014,2,13,7,Thursday,1
1141,2014-02-14,2014,2,14,7,Friday,1
1142,2014-02-15,2014,2,15,7,Saturday,1
1143,2014-02-16,2014,2,16,7,Sunday,1
1144,2014-02-17,2014,2,17,8,Monday,1
1145,2014-02-18,2014,2,18,8,Tuesday,1
1146,2014-02-19,2014,2,19,8,Wednesday,1
1147,2014-02-20,2014,2,20,8,Thursday,1
1148,2014-02-21,2014,2,21,8,Friday,1
1149,2014-02-22,2014,2,22,8,Saturday,1
1150,2014-02-23,2014,2,23,8,Sunday,1
1151,2014-02-24,2014,2,24,9,Monday,1
1152,2014-02-25,2014,2,25,9,Tuesday,1
1153,2014-02-26,2014,2,26,9,Wednesday,1
1154,2014-02-27,2014,2,27,9,Thursday,1
1155,2014-02-28,2014,2,28,9,Friday,1
1156,2014-03-01,2014,3,1,9,Saturday,1
1157,2014-03-02,2014,3,2,9,Sunday,1
1158,2014-03-03,2014,3,3,10,Monday,1
1159,2014-03-04,2014,3,4,10,Tuesday,1
1160,2014-03-05,2014,3,5,10,Wednesday,1
1161,2014-03-06,2014,3,6,10,Thursday,1
1162,2014-03-07,2014,3,7,10,Friday,1
1163,2014-03-08,2014,3,8,10,Saturday,1
1164,2014-03-09,2014,3,9,10,Sunday,1
1165,2014-03-10,2014,3,10,11,Monday,1
1166,2014-03-11,2014,3,11,11,Tuesday,1
1167,2014-03-12,2014,3,12,11,Wednesday,1
1168,2014-03-13,2014,3,13,11,Thursday,1
1169,2014-03-14,2014,3,14,11,Friday,1
1170,2014-03-15,2014,3,15,11,Saturday,1
1171,2014-03-16,2014,3,16,11,Sunday,1
1172,2014-03-17,2014,3,17,12,Monday,1
1173,2014-03-18,2014,3,18,12,Tuesday,1
1174,2014-03-19,2014,3,19,12,Wednesday,1
1175,2014-03-20,2014,3,20,12,Thursday,1
1176,2014-03-21,2014,3,21,12,Friday,1
1177,2014-03-22,2014,3,22,12,Saturday,1
1178,2014-03-23,2014,3,23,12,Sunday,1
1179,2014-03-24,2014,3,24,13,Monday,1
1180,2014-03-25,2014,3,25,13,Tuesday,1
1181,2014-03-26,2014,3,26,13,Wednesday,1
1182,2014-03-27,2014,3,27,13,Thursday,1
1183,2014-03-28,2014,3,28,13,Friday,1
1184,2014-03-29,2014,3,29,13,Saturday,1
1185,2014-03-30,2014,3,30,13,Sunday,1
1186,2014-03-31,2014,3,31,14,Monday,1
1187,2014-04-01,2014,4,1,14,Tuesday,2
1188,2014-04-02,2014,4,2,14,Wednesday,2
1189,2014-04-03,2014,4,3,14,Thursday,2
1190,2014-04-04,2014,4,4,14,Friday,2
1191,2014-04-05,2014,4,5,14,Saturday,2
1192,2014-04-06,2014,4,6,14,Sunday,2
1193,2014-04-07,2014,4,7,15,Monday,2
1194,2014-04-08,2014,4,8,15,Tuesday,2
1195,2014-04-09,2014,4,9,15,Wednesday,2
1196,2014-04-10,2014,4,10,15,Thursday,2
1197,2014-04-11,2014,4,11,15,Friday,2
1198,2014-04-12,2014,4,12,15,Saturday,2
1199,2014-04-13,2014,4,13,15,Sunday,2
1200,2014-04-14,2014,4,14,16,Monday,2
1201,2014-04-15,2014,4,15,16,Tuesday,2
1202,2014-04-16,2014,4,16,16,Wednesday,2
1203,2014-04-17,2014,4,17,16,Thursday,2
1204,2014-04-18,2014,4,18,16,Friday,2
1205,2014-04-19,2014,4,19,16,Saturday,2
1206,2014-04-20,2014,4,20,16,Sunday,2
1207,2014-04-21,2014,4,21,17,Monday,2
1208,2014-04-22,2014,4,22,17,Tuesday,2
1209,2014-04-23,2014,4,23,17,Wednesday,2
1210,2014-04-24,2014,4,24,17,Thursday,2
1211,2014-04-25,2014,4,25,17,Friday,2
1212,2014-04-26,2014,4,26,17,Saturday,2
1213,2014-04-27,2014,4,27,17,Sunday,2
1214,2014-04-28,2014,4,28,18,Monday,2
1215,2014-04-29,2014,4,29,18,Tuesday,2
1216,2014-04-30,2014,4,30,18,Wednesday,2
1217,2014-05-01,2014,5,1,18,Thursday,2
1218,2014-05-02,2014,5,2,18,Friday,2
1219,2014-05-03,2014,5,3,18,Saturday,2
1220,2014-05-04,2014,5,4,18,Sunday,2
1221,2014-05-05,2014,5,5,19,Monday,2
1222,2014-05-06,2014,5,6,19,Tuesday,2
1223,2014-05-07,2014,5,7,19,Wednesday,2
1224,2014-05-08,2014,5,8,19,Thursday,2
1225,2014-05-09,2014,5,9,19,Friday,2
1226,2014-05-10,2014,5,10,19,Saturday,2
1227,2014-05-11,2014,5,11,19,Sunday,2
1228,2014-05-12,2014,5,12,20,Monday,2
1229,2014-05-13,2014,5,13,20,Tuesday,2
1230,2014-05-14,2014,5,14,20,Wednesday,2
1231,2014-05-15,2014,5,15,20,Thursday,2
1232,2014-05-16,2014,5,16,20,Friday,2
1233,2014-05-17,2014,5,17,20,Saturday,2
1234,2014-05-18,2014,5,18,20,Sunday,2
1235,2014-05-19,2014,5,19,21,Monday,2
1236,2014-05-20,2014,5,20,21,Tuesday,2
1237,2014-05-21,2014,5,21,21,Wednesday,2
1238,2014-05-22,2014,5,22,21,Thursday,2
1239,2014-05-23,2014,5,23,21,Friday,2
1240,2014-05-24,2014,5,24,21,Saturday,2
1241,2014-05-25,2014,5,25,21,Sunday,2
1242,2014-05-26,2014,5,26,22,Monday,2
1243,2014-05-27,2014,5,27,22,Tuesday,2
1244,2014-05-28,2014,5,28,22,Wednesday,2
1245,2014-05-29,2014,5,29,22,Thursday,2
1246,2014-05-30,2014,5,30,22,Friday,2
1247,2014-05-31,2014,5,31,22,Saturday,2
1248,2014-06-01,2014,6,1,22,Sunday,2
1249,2014-06-02,2014,6,2,23,Monday,2
1250,2014-06-03,2014,6,3,23,Tuesday,2
1251,2014-06-04,2014,6,4,23,Wednesday,2
1252,2014-06-05,2014,6,5,23,Thursday,2
1253,2014-06-06,2014,6,6,23,Friday,2
1254,2014-06-07,2014,6,7,23,Saturday,2
1255,2014-06-08,2014,6,8,23,Sunday,2
1256,2014-06-09,2014,6,9,24,Monday,2
1257,2014-06-10,2014,6,10,24,Tuesday,2
1258,2014-06-11,2014,6,11,24,Wednesday,2
1259,2014-06-12,2014,6,12,24,Thursday,2
1260,2014-06-13,2014,6,13,24,Friday,2
1261,2014-06-14,2014,6,14,24,Saturday,2
1262,2014-06-15,2014,6,15,24,Sunday,2
1263,2014-06-16,2014,6,16,25,Monday,2
1264,2014-06-17,2014,6,17,25,Tuesday,2
1265,2014-06-18,2014,6,18,25,Wednesday,2
1266,2014-06-19,2014,6,19,25,Thursday,2
1267,2014-06-20,2014,6,20,25,Friday,2
1268,2014-06-21,2014,6,21,25,Saturday,2
1269,2014-06-22,2014,6,22,25,Sunday,2
1270,2014-06-23,2014,6,23,26,Monday,2
1271,2014-06-24,2014,6,24,26,Tuesday,2
1272,2014-06-25,2014,6,25,26,Wednesday,2
1273,2014-06-26,2014,6,26,26,Thursday,2
1274,2014-06-27,2014,6,27,26,Friday,2
1275,2014-06-28,2014,6,28,26,Saturday,2
1276,2014-06-29,2014,6,29,26,Sunday,2
1277,2014-06-30,2014,6,30,27,Monday,2
1278,2014-07-01,2014,7,1,27,Tuesday,3
1279,2014-07-02,2014,7,2,27,Wednesday,3
1280,2014-07-03,2014,7,3,27,Thursday,3
1281,2014-07-04,2014,7,4,27,Friday,3
1282,2014-07-05,2014,7,5,27,Saturday,3
1283,2014-07-06,2014,7,6,27,Sunday,3
1284,2014-07-07,2014,7,7,28,Monday,3
1285,2014-07-08,2014,7,8,28,Tuesday,3
1286,2014-07-09,2014,7,9,28,Wednesday,3
1287,2014-07-10,2014,7,10,28,Thursday,3
1288,2014-07-11,2014,7,11,28,Friday,3
1289,2014-07-12,2014,7,12,28,Saturday,3
1290,2014-07-13,2014,7,13,28,Sunday,3
1291,2014-07-14,2014,7,14,29,Monday,3
1292,2014-07-15,2014,7,15,29,Tuesday,3
1293,2014-07-16,2014,7,16,29,Wednesday,3
1294,2014-07-17,2014,7,17,29,Thursday,3
1295,2014-07-18,2014,7,18,29,Friday,3
1296,2014-07-19,2014,7,19,29,Saturday,3
1297,2014-07-20,2014,7,20,29,Sunday,3
1298,2014-07-21,2014,7,21,30,Monday,3
1299,2014-07-22,2014,7,22,30,Tuesday,3
1300,2014-07-23,2014,7,23,30,Wednesday,3
1301,2014-07-24,2014,7,24,30,Thursday,3
1302,2014-07-25,2014,7,25,30,Friday,3
1303,2014-07-26,2014,7,26,30,Saturday,3
1304,2014-07-27,2014,7,27,30,Sunday,3
1305,2014-07-28,2014,7,28,31,Monday,3
1306,2014-07-29,2014,7,29,31,Tuesday,3
1307,2014-07-30,2014,7,30,31,Wednesday,3
1308,2014-07-31,2014,7,31,31,Thursday,3
1309,2014-08-01,2014,8,1,31,Friday,3
1310,2014-08-02,2014,8,2,31,Saturday,3
1311,2014-08-03,2014,8,3,31,Sunday,3
1312,2014-08-04,2014,8,4,32,Monday,3
1313,2014-08-05,2014,8,5,32,Tuesday,3
1314,2014-08-06,2014,8,6,32,Wednesday,3
1315,2014-08-07,2014,8,7,32,Thursday,3
1316,2014-08-08,2014,8,8,32,Friday,3
1317,2014-08-09,2014,8,9,32,Saturday,3
1318,2014-08-10,2014,8,10,32,Sunday,3
1319,2014-08-11,2014,8,11,33,Monday,3
1320,2014-08-12,2014,8,12,33,Tuesday,3
1321,2014-08-13,2014,8,13,33,Wednesday,3
1322,2014-08-14,2014,8,14,33,Thursday,3
1323,2014-08-15,2014,8,15,33,Friday,3
1324,2014-08-16,2014,8,16,33,Saturday,3
1325,2014-08-17,2014,8,17,33,Sunday,3
1326,2014-08-18,2014,8,18,34,Monday,3
1327,2014-08-19,2014,8,19,34,Tuesday,3
1328,2014-08-20,2014,8,20,34,Wednesday,3
1329,2014-08-21,2014,8,21,34,Thursday,3
1330,2014-08-22,2014,8,22,34,Friday,3
1331,2014-08-23,2014,8,23,34,Saturday,3
1332,2014-08-24,2014,8,24,34,Sunday,3
1333,2014-08-25,2014,8,25,35,Monday,3
1334,2014-08-26,2014,8,26,35,Tuesday,3
1335,2014-08-27,2014,8,27,35,Wednesday,3
1336,2014-08-28,2014,8,28,35,Thursday,3
1337,2014-08-29,2014,8,29,35,Friday,3
1338,2014-08-30,2014,8,30,35,Saturday,3
1339,2014-08-31,2014,8,31,35,Sunday,3
1340,2014-09-01,2014,9,1,36,Monday,3
1341,2014-09-02,2014,9,2,36,Tuesday,3
1342,2014-09-03,2014,9,3,36,Wednesday,3
1343,2014-09-04,2014,9,4,36,Thursday,3
1344,2014-09-05,2014,9,5,36,Friday,3
1345,2014-09-06,2014,9,6,36,Saturday,3
1346,2014-09-07,2014,9,7,36,Sunday,3
1347,2014-09-08,2014,9,8,37,Monday,3
1348,2014-09-09,2014,9,9,37,Tuesday,3
1349,2014-09-10,2014,9,10,37,Wednesday,3
1350,2014-09-11,2014,9,11,37,Thursday,3
1351,2014-09-12,2014,9,12,37,Friday,3
1352,2014-09-13,2014,9,13,37,Saturday,3
1353,2014-09-14,2014,9,14,37,Sunday,3
1354,2014-09-15,2014,9,15,38,Monday,3
1355,2014-09-16,2014,9,16,38,Tuesday,3
1356,2014-09-17,2014,9,17,38,Wednesday,3
1357,2014-09-18,2014,9,18,38,Thursday,3
1358,2014-09-19,2014,9,19,38,Friday,3
1359,2014-09-20,2014,9,20,38,Saturday,3
1360,2014-09-21,2014,9,21,38,Sunday,3
1361,2014-09-22,2014,9,22,39,Monday,3
1362,2014-09-23,2014,9,23,39,Tuesday,3
1363,2014-09-24,2014,9,24,39,Wednesday,3
1364,2014-09-25,2014,9,25,39,Thursday,3
1365,2014-09-26,2014,9,26,39,Friday,3
1366,2014-09-27,2014,9,27,39,Saturday,3
1367,2014-09-28,2014,9,28,39,Sunday,3
1368,2014-09-29,2014,9,29,40,Monday,3
1369,2014-09-30,2014,9,30,40,Tuesday,3
1370,2014-10-01,2014,10,1,40,Wednesday,4
1371,2014-10-02,2014,10,2,40,Thursday,4
1372,2014-10-03,2014,10,3,40,Friday,4
1373,2014-10-04,2014,10,4,40,Saturday,4
1374,2014-10-05,2014,10,5,40,Sunday,4
1375,2014-10-06,2014,10,6,41,Monday,4
1376,2014-10-07,2014,10,7,41,Tuesday,4
1377,2014-10-08,2014,10,8,41,Wednesday,4
1378,2014-10-09,2014,10,9,41,Thursday,4
1379,2014-10-10,2014,10,10,41,Friday,4
1380,2014-10-11,2014,10,11,41,Saturday,4
1381,2014-10-12,2014,10,12,41,Sunday,4
1382,2014-10-13,2014,10,13,42,Monday,4
1383,2014-10-14,2014,10,14,42,Tuesday,4
1384,2014-10-15,2014,10,15,42,Wednesday,4
1385,2014-10-16,2014,10,16,42,Thursday,4
1386,2014-10-17,2014,10,17,42,Friday,4
1387,2014-10-18,2014,10,18,42,Saturday,4
1388,2014-10-19,2014,10,19,42,Sunday,4
1389,2014-10-20,2014,10,20,43,Monday,4
1390,2014-10-21,2014,10,21,43,Tuesday,4
1391,2014-10-22,2014,10,22,43,Wednesday,4
1392,2014-10-23,2014,10,23,43,Thursday,4
1393,2014-10-24,2014,10,24,43,Friday,4
1394,2014-10-25,2014,10,25,43,Saturday,4
1395,2014-10-26,2014,10,26,43,Sunday,4
1396,2014-10-27,2014,10,27,44,Monday,4
1397,2014-10-28,2014,10,28,44,Tuesday,4
1398,2014-10-29,2014,10,29,44,Wednesday,4
1399,2014-10-30,2014,10,30,44,Thursday,4
1400,2014-10-31,2014,10,31,44,Friday,4
1401,2014-11-01,2014,11,1,44,Saturday,4
1402,2014-11-02,2014,11,2,44,Sunday,4
1403,2014-11-03,2014,11,3,45,Monday,4
1404,2014-11-04,2014,11,4,45,Tuesday,4
1405,2014-11-05,2014,11,5,45,Wednesday,4
1406,2014-11-06,2014,11,6,45,Thursday,4
1407,2014-11-07,2014,11,7,45,Friday,4
1408,2014-11-08,2014,11,8,45,Saturday,4
1409,2014-11-09,2014,11,9,45,Sunday,4
1410,2014-11-10,2014,11,10,46,Monday,4
1411,2014-11-11,2014,11,11,46,Tuesday,4
1412,2014-11-12,2014,11,12,46,Wednesday,4
1413,2014-11-13,2014,11,13,46,Thursday,4
1414,2014-11-14,2014,11,14,46,Friday,4
1415,2014-11-15,2014,11,15,46,Saturday,4
1416,2014-11-16,2014,11,16,46,Sunday,4
1417,2014-11-17,2014,11,17,47,Monday,4
1418,2014-11-18,2014,11,18,47,Tuesday,4
1419,2014-11-19,2014,11,19,47,Wednesday,4
1420,2014-11-20,2014,11,20,47,Thursday,4
1421,2014-11-21,2014,11,21,47,Friday,4
1422,2014-11-22,2014,11,22,47,Saturday,4
1423,2014-11-23,2014,11,23,47,Sunday,4
1424,2014-11-24,2014,11,24,48,Monday,4
1425,2014-11-25,2014,11,25,48,Tuesday,4
1426,2014-11-26,2014,11,26,48,Wednesday,4
1427,2014-11-27,2014,11,27,48,Thursday,4
1428,2014-11-28,2014,11,28,48,Friday,4
1429,2014-11-29,2014,11,29,48,Saturday,4
1430,2014-11-30,2014,11,30,48,Sunday,4
1431,2014-12-01,2014,12,1,49,Monday,4
1432,2014-12-02,2014,12,2,49,Tuesday,4
1433,2014-12-03,2014,12,3,49,Wednesday,4
1434,2014-12-04,2014,12,4,49,Thursday,4
1435,2014-12-05,2014,12,5,49,Friday,4
1436,2014-12-06,2014,12,6,49,Saturday,4
1437,2014-12-07,2014,12,7,49,Sunday,4
1438,2014-12-08,2014,12,8,50,Monday,4
1439,2014-12-09,2014,12,9,50,Tuesday,4
1440,2014-12-10,2014,12,10,50,Wednesday,4
1441,2014-12-11,2014,12,11,50,Thursday,4
1442,2014-12-12,2014,12,12,50,Friday,4
1443,2014-12-13,2014,12,13,50,Saturday,4
1444,2014-12-14,2014,12,14,50,Sunday,4
1445,2014-12-15,2014,12,15,51,Monday,4
1446,2014-12-16,2014,12,16,51,Tuesday,4
1447,2014-12-17,2014,12,17,51,Wednesday,4
1448,2014-12-18,2014,12,18,51,Thursday,4
1449,2014-12-19,2014,12,19,51,Friday,4
1450,2014-12-20,2014,12,20,51,Saturday,4
1451,2014-12-21,2014,12,21,51,Sunday,4
1452,2014-12-22,2014,12,22,52,Monday,4
1453,2014-12-23,2014,12,23,52,Tuesday,4
1454,2014-12-24,2014,12,24,52,Wednesday,4
1455,2014-12-25,2014,12,25,52,Thursday,4
1456,2014-12-26,2014,12,26,52,Friday,4
1457,2014-12-27,2014,12,27,52,Saturday,4
1458,2014-12-28,2014,12,28,52,Sunday,4
1459,2014-12-29,2014,12,29,1,Monday,4
1460,2014-12-30,2014,12,30,1,Tuesday,4
1461,2014-12-31,2014,12,31,1,Wednesday,4
1462,2015-01-01,2015,1,1,1,Thursday,1
1463,2015-01-02,2015,1,2,1,Friday,1
1464,2015-01-03,2015,1,3,1,Saturday,1
1465,2015-01-04,2015,1,4,1,Sunday,1
1466,2015-01-05,2015,1,5,2,Monday,1
1467,2015-01-06,2015,1,6,2,Tuesday,1
1468,2015-01-07,2015,1,7,2,Wednesday,1
